Year Month; € Sales ;Country;SubcategoryName
01.01.2017; 738,00 ;Australia;Bike Racks
01.01.2017; 577,17 ;Australia;Bike Stands
01.01.2017; 1.893,16 ;Australia;Bottles and Cages
01.01.2017; 896,70 ;Australia;Caps
01.01.2017; 331,70 ;Australia;Cleaners
01.01.2017; 1.107,90 ;Australia;Fenders
01.01.2017; 1.113,70 ;Australia;Gloves
01.01.2017; 3.442,28 ;Australia;Helmets
01.01.2017; 757,90 ;Australia;Hydration Packs
01.01.2017; 2.960,10 ;Australia;Jerseys
01.01.2017; 128.583,07 ;Australia;Mountain Bikes
01.01.2017; 193.381,25 ;Australia;Road Bikes
01.01.2017; 1.092,00 ;Australia;Shorts
01.01.2017; 203,40 ;Australia;Socks
01.01.2017; 6.601,36 ;Australia;Tires and Tubes
01.01.2017; 79.293,88 ;Australia;Touring Bikes
01.01.2017; 875,56 ;Australia;Vests
01.01.2017; 672,00 ;Canada;Bike Racks
01.01.2017; 581,94 ;Canada;Bike Stands
01.01.2017; 1.127,46 ;Canada;Bottles and Cages
01.01.2017; 395,20 ;Canada;Caps
01.01.2017; 227,05 ;Canada;Cleaners
01.01.2017; 1.708,68 ;Canada;Fenders
01.01.2017; 1.029,51 ;Canada;Gloves
01.01.2017; 2.560,44 ;Canada;Helmets
01.01.2017; 320,10 ;Canada;Hydration Packs
01.01.2017; 2.120,00 ;Canada;Jerseys
01.01.2017; 35.284,59 ;Canada;Mountain Bikes
01.01.2017; 15.071,76 ;Canada;Road Bikes
01.01.2017; 1.197,00 ;Canada;Shorts
01.01.2017; 234,90 ;Canada;Socks
01.01.2017; 5.298,93 ;Canada;Tires and Tubes
01.01.2017; 37.853,64 ;Canada;Touring Bikes
01.01.2017; 640,64 ;Canada;Vests
01.01.2017; 147,60 ;France;Bike Racks
01.01.2017; 195,57 ;France;Bike Stands
01.01.2017; 763,84 ;France;Bottles and Cages
01.01.2017; 264,18 ;France;Caps
01.01.2017; 90,40 ;France;Cleaners
01.01.2017; 339,90 ;France;Fenders
01.01.2017; 455,94 ;France;Gloves
01.01.2017; 1.294,30 ;France;Helmets
01.01.2017; 178,20 ;France;Hydration Packs
01.01.2017; 1.289,97 ;France;Jerseys
01.01.2017; 45.034,50 ;France;Mountain Bikes
01.01.2017; 25.014,60 ;France;Road Bikes
01.01.2017; 302,40 ;France;Shorts
01.01.2017; 17,10 ;France;Socks
01.01.2017; 3.609,78 ;France;Tires and Tubes
01.01.2017; 20.172,30 ;France;Touring Bikes
01.01.2017; 241,30 ;France;Vests
01.01.2017; 115,20 ;Germany;Bike Racks
01.01.2017; 302,10 ;Germany;Bike Stands
01.01.2017; 711,66 ;Germany;Bottles and Cages
01.01.2017; 377,33 ;Germany;Caps
01.01.2017; 95,79 ;Germany;Cleaners
01.01.2017; 582,42 ;Germany;Fenders
01.01.2017; 379,95 ;Germany;Gloves
01.01.2017; 1.864,17 ;Germany;Helmets
01.01.2017; 377,30 ;Germany;Hydration Packs
01.01.2017; 1.025,20 ;Germany;Jerseys
01.01.2017; 46.680,80 ;Germany;Mountain Bikes
01.01.2017; 38.441,04 ;Germany;Road Bikes
01.01.2017; 18,00 ;Germany;Socks
01.01.2017; 3.005,10 ;Germany;Tires and Tubes
01.01.2017; 34.796,58 ;Germany;Touring Bikes
01.01.2017; 381,00 ;Germany;Vests
01.01.2017; 105,60 ;United Kingdom;Bike Racks
01.01.2017; 166,95 ;United Kingdom;Bike Stands
01.01.2017; 925,65 ;United Kingdom;Bottles and Cages
01.01.2017; 519,92 ;United Kingdom;Caps
01.01.2017; 72,00 ;United Kingdom;Cleaners
01.01.2017; 863,29 ;United Kingdom;Fenders
01.01.2017; 621,33 ;United Kingdom;Gloves
01.01.2017; 1.783,82 ;United Kingdom;Helmets
01.01.2017; 292,60 ;United Kingdom;Hydration Packs
01.01.2017; 2.325,93 ;United Kingdom;Jerseys
01.01.2017; 46.653,78 ;United Kingdom;Mountain Bikes
01.01.2017; 48.469,20 ;United Kingdom;Road Bikes
01.01.2017; 470,40 ;United Kingdom;Shorts
01.01.2017; 102,24 ;United Kingdom;Socks
01.01.2017; 2.639,48 ;United Kingdom;Tires and Tubes
01.01.2017; 59.400,18 ;United Kingdom;Touring Bikes
01.01.2017; 180,34 ;United Kingdom;Vests
01.01.2017; 846,00 ;United States;Bike Racks
01.01.2017; 1.402,38 ;United States;Bike Stands
01.01.2017; 4.935,80 ;United States;Bottles and Cages
01.01.2017; 1.075,36 ;United States;Caps
01.01.2017; 782,04 ;United States;Cleaners
01.01.2017; 6.198,00 ;United States;Fenders
01.01.2017; 2.277,88 ;United States;Gloves
01.01.2017; 7.003,41 ;United States;Helmets
01.01.2017; 1.367,30 ;United States;Hydration Packs
01.01.2017; 6.778,24 ;United States;Jerseys
01.01.2017; 163.683,14 ;United States;Mountain Bikes
01.01.2017; 62.519,34 ;United States;Road Bikes
01.01.2017; 2.356,20 ;United States;Shorts
01.01.2017; 451,44 ;United States;Socks
01.01.2017; 9.502,92 ;United States;Tires and Tubes
01.01.2017; 105.143,64 ;United States;Touring Bikes
01.01.2017; 1.134,00 ;United States;Vests
01.02.2017; 451,20 ;Australia;Bike Racks
01.02.2017; 849,06 ;Australia;Bike Stands
01.02.2017; 1.808,80 ;Australia;Bottles and Cages
01.02.2017; 818,80 ;Australia;Caps
01.02.2017; 248,92 ;Australia;Cleaners
01.02.2017; 1.028,56 ;Australia;Fenders
01.02.2017; 1.607,55 ;Australia;Gloves
01.02.2017; 3.318,48 ;Australia;Helmets
01.02.2017; 862,40 ;Australia;Hydration Packs
01.02.2017; 2.543,01 ;Australia;Jerseys
01.02.2017; 98.571,33 ;Australia;Mountain Bikes
01.02.2017; 143.841,62 ;Australia;Road Bikes
01.02.2017; 325,50 ;Australia;Shorts
01.02.2017; 229,32 ;Australia;Socks
01.02.2017; 6.814,00 ;Australia;Tires and Tubes
01.02.2017; 94.353,00 ;Australia;Touring Bikes
01.02.2017; 513,08 ;Australia;Vests
01.02.2017; 374,40 ;Canada;Bike Racks
01.02.2017; 166,95 ;Canada;Bike Stands
01.02.2017; 1.190,35 ;Canada;Bottles and Cages
01.02.2017; 314,88 ;Canada;Caps
01.02.2017; 147,98 ;Canada;Cleaners
01.02.2017; 1.343,45 ;Canada;Fenders
01.02.2017; 945,70 ;Canada;Gloves
01.02.2017; 1.452,88 ;Canada;Helmets
01.02.2017; 635,25 ;Canada;Hydration Packs
01.02.2017; 2.193,45 ;Canada;Jerseys
01.02.2017; 37.548,00 ;Canada;Mountain Bikes
01.02.2017; 10.210,20 ;Canada;Road Bikes
01.02.2017; 1.263,50 ;Canada;Shorts
01.02.2017; 82,62 ;Canada;Socks
01.02.2017; 3.742,20 ;Canada;Tires and Tubes
01.02.2017; 21.871,20 ;Canada;Touring Bikes
01.02.2017; 305,28 ;Canada;Vests
01.02.2017; 333,90 ;France;Bike Stands
01.02.2017; 878,22 ;France;Bottles and Cages
01.02.2017; 323,07 ;France;Caps
01.02.2017; 101,97 ;France;Cleaners
01.02.2017; 415,80 ;France;Fenders
01.02.2017; 299,88 ;France;Gloves
01.02.2017; 1.885,00 ;France;Helmets
01.02.2017; 253,00 ;France;Hydration Packs
01.02.2017; 1.335,74 ;France;Jerseys
01.02.2017; 57.837,06 ;France;Mountain Bikes
01.02.2017; 50.769,90 ;France;Road Bikes
01.02.2017; 184,80 ;France;Shorts
01.02.2017; 94,50 ;France;Socks
01.02.2017; 3.752,48 ;France;Tires and Tubes
01.02.2017; 26.114,40 ;France;Touring Bikes
01.02.2017; 215,90 ;France;Vests
01.02.2017; 441,60 ;Germany;Bike Racks
01.02.2017; 295,74 ;Germany;Bike Stands
01.02.2017; 746,36 ;Germany;Bottles and Cages
01.02.2017; 361,08 ;Germany;Caps
01.02.2017; 88,74 ;Germany;Cleaners
01.02.2017; 454,08 ;Germany;Fenders
01.02.2017; 365,69 ;Germany;Gloves
01.02.2017; 1.585,65 ;Germany;Helmets
01.02.2017; 104,50 ;Germany;Hydration Packs
01.02.2017; 1.206,21 ;Germany;Jerseys
01.02.2017; 65.178,32 ;Germany;Mountain Bikes
01.02.2017; 22.527,90 ;Germany;Road Bikes
01.02.2017; 66,50 ;Germany;Shorts
01.02.2017; 15,30 ;Germany;Socks
01.02.2017; 3.010,56 ;Germany;Tires and Tubes
01.02.2017; 24.658,20 ;Germany;Touring Bikes
01.02.2017; 57,60 ;Germany;Vests
01.02.2017; 333,90 ;United Kingdom;Bike Stands
01.02.2017; 1.019,70 ;United Kingdom;Bottles and Cages
01.02.2017; 423,30 ;United Kingdom;Caps
01.02.2017; 88,74 ;United Kingdom;Cleaners
01.02.2017; 320,32 ;United Kingdom;Fenders
01.02.2017; 242,05 ;United Kingdom;Gloves
01.02.2017; 2.367,09 ;United Kingdom;Helmets
01.02.2017; 226,60 ;United Kingdom;Hydration Packs
01.02.2017; 987,03 ;United Kingdom;Jerseys
01.02.2017; 63.911,00 ;United Kingdom;Mountain Bikes
01.02.2017; 40.156,59 ;United Kingdom;Road Bikes
01.02.2017; 291,20 ;United Kingdom;Shorts
01.02.2017; 72,72 ;United Kingdom;Socks
01.02.2017; 3.641,05 ;United Kingdom;Tires and Tubes
01.02.2017; 47.490,18 ;United Kingdom;Touring Bikes
01.02.2017; 251,46 ;United Kingdom;Vests
01.02.2017; 1.382,40 ;United States;Bike Racks
01.02.2017; 457,92 ;United States;Bike Stands
01.02.2017; 3.643,64 ;United States;Bottles and Cages
01.02.2017; 1.089,00 ;United States;Caps
01.02.2017; 389,58 ;United States;Cleaners
01.02.2017; 2.763,84 ;United States;Fenders
01.02.2017; 1.862,76 ;United States;Gloves
01.02.2017; 5.929,04 ;United States;Helmets
01.02.2017; 1.267,20 ;United States;Hydration Packs
01.02.2017; 3.933,93 ;United States;Jerseys
01.02.2017; 153.387,95 ;United States;Mountain Bikes
01.02.2017; 109.897,92 ;United States;Road Bikes
01.02.2017; 3.307,50 ;United States;Shorts
01.02.2017; 253,80 ;United States;Socks
01.02.2017; 10.522,95 ;United States;Tires and Tubes
01.02.2017; 116.482,08 ;United States;Touring Bikes
01.02.2017; 1.485,90 ;United States;Vests
01.03.2017; 854,40 ;Australia;Bike Racks
01.03.2017; 787,05 ;Australia;Bike Stands
01.03.2017; 1.667,86 ;Australia;Bottles and Cages
01.03.2017; 675,18 ;Australia;Caps
01.03.2017; 150,15 ;Australia;Cleaners
01.03.2017; 1.061,55 ;Australia;Fenders
01.03.2017; 1.164,97 ;Australia;Gloves
01.03.2017; 3.496,80 ;Australia;Helmets
01.03.2017; 677,60 ;Australia;Hydration Packs
01.03.2017; 3.909,71 ;Australia;Jerseys
01.03.2017; 116.953,20 ;Australia;Mountain Bikes
01.03.2017; 170.800,35 ;Australia;Road Bikes
01.03.2017; 1.499,40 ;Australia;Shorts
01.03.2017; 68,85 ;Australia;Socks
01.03.2017; 6.404,90 ;Australia;Tires and Tubes
01.03.2017; 69.342,15 ;Australia;Touring Bikes
01.03.2017; 731,52 ;Australia;Vests
01.03.2017; 504,00 ;Canada;Bike Racks
01.03.2017; 438,84 ;Canada;Bike Stands
01.03.2017; 1.089,70 ;Canada;Bottles and Cages
01.03.2017; 341,12 ;Canada;Caps
01.03.2017; 182,16 ;Canada;Cleaners
01.03.2017; 1.486,16 ;Canada;Fenders
01.03.2017; 763,20 ;Canada;Gloves
01.03.2017; 2.132,16 ;Canada;Helmets
01.03.2017; 455,40 ;Canada;Hydration Packs
01.03.2017; 1.968,12 ;Canada;Jerseys
01.03.2017; 28.243,68 ;Canada;Mountain Bikes
01.03.2017; 10.949,82 ;Canada;Road Bikes
01.03.2017; 791,70 ;Canada;Shorts
01.03.2017; 131,58 ;Canada;Socks
01.03.2017; 5.769,75 ;Canada;Tires and Tubes
01.03.2017; 22.841,91 ;Canada;Touring Bikes
01.03.2017; 792,48 ;Canada;Vests
01.03.2017; 489,60 ;France;Bike Racks
01.03.2017; 157,41 ;France;Bike Stands
01.03.2017; 889,81 ;France;Bottles and Cages
01.03.2017; 444,96 ;France;Caps
01.03.2017; 7,92 ;France;Cleaners
01.03.2017; 409,64 ;France;Fenders
01.03.2017; 74,55 ;France;Gloves
01.03.2017; 2.028,95 ;France;Helmets
01.03.2017; 342,65 ;France;Hydration Packs
01.03.2017; 848,64 ;France;Jerseys
01.03.2017; 40.830,30 ;France;Mountain Bikes
01.03.2017; 43.259,16 ;France;Road Bikes
01.03.2017; 61,60 ;France;Shorts
01.03.2017; 75,60 ;France;Socks
01.03.2017; 4.162,08 ;France;Tires and Tubes
01.03.2017; 23.119,36 ;France;Touring Bikes
01.03.2017; 395,16 ;France;Vests
01.03.2017; 1.043,77 ;Germany;Bottles and Cages
01.03.2017; 546,72 ;Germany;Caps
01.03.2017; 116,55 ;Germany;Cleaners
01.03.2017; 525,32 ;Germany;Fenders
01.03.2017; 186,56 ;Germany;Gloves
01.03.2017; 1.933,47 ;Germany;Helmets
01.03.2017; 145,20 ;Germany;Hydration Packs
01.03.2017; 1.435,20 ;Germany;Jerseys
01.03.2017; 73.446,00 ;Germany;Mountain Bikes
01.03.2017; 32.604,12 ;Germany;Road Bikes
01.03.2017; 59,50 ;Germany;Shorts
01.03.2017; 41,40 ;Germany;Socks
01.03.2017; 2.214,90 ;Germany;Tires and Tubes
01.03.2017; 39.135,46 ;Germany;Touring Bikes
01.03.2017; 324,36 ;Germany;Vests
01.03.2017; 247,20 ;United Kingdom;Bike Racks
01.03.2017; 283,02 ;United Kingdom;Bike Stands
01.03.2017; 1.251,60 ;United Kingdom;Bottles and Cages
01.03.2017; 520,20 ;United Kingdom;Caps
01.03.2017; 122,85 ;United Kingdom;Cleaners
01.03.2017; 475,64 ;United Kingdom;Fenders
01.03.2017; 558,26 ;United Kingdom;Gloves
01.03.2017; 2.533,65 ;United Kingdom;Helmets
01.03.2017; 297,00 ;United Kingdom;Hydration Packs
01.03.2017; 1.885,52 ;United Kingdom;Jerseys
01.03.2017; 68.580,48 ;United Kingdom;Mountain Bikes
01.03.2017; 43.073,10 ;United Kingdom;Road Bikes
01.03.2017; 195,30 ;United Kingdom;Shorts
01.03.2017; 77,40 ;United Kingdom;Socks
01.03.2017; 4.122,69 ;United Kingdom;Tires and Tubes
01.03.2017; 63.003,78 ;United Kingdom;Touring Bikes
01.03.2017; 241,30 ;United Kingdom;Vests
01.03.2017; 1.224,00 ;United States;Bike Racks
01.03.2017; 858,60 ;United States;Bike Stands
01.03.2017; 3.723,02 ;United States;Bottles and Cages
01.03.2017; 844,80 ;United States;Caps
01.03.2017; 289,92 ;United States;Cleaners
01.03.2017; 3.460,86 ;United States;Fenders
01.03.2017; 2.092,64 ;United States;Gloves
01.03.2017; 6.566,25 ;United States;Helmets
01.03.2017; 1.776,50 ;United States;Hydration Packs
01.03.2017; 4.366,18 ;United States;Jerseys
01.03.2017; 169.053,43 ;United States;Mountain Bikes
01.03.2017; 103.884,00 ;United States;Road Bikes
01.03.2017; 3.388,70 ;United States;Shorts
01.03.2017; 384,75 ;United States;Socks
01.03.2017; 11.423,69 ;United States;Tires and Tubes
01.03.2017; 132.285,60 ;United States;Touring Bikes
01.03.2017; 835,66 ;United States;Vests
01.04.2017; 408,00 ;Australia;Bike Racks
01.04.2017; 636,00 ;Australia;Bike Stands
01.04.2017; 2.261,95 ;Australia;Bottles and Cages
01.04.2017; 384,48 ;Australia;Caps
01.04.2017; 298,98 ;Australia;Cleaners
01.04.2017; 1.240,33 ;Australia;Fenders
01.04.2017; 1.525,50 ;Australia;Gloves
01.04.2017; 4.543,35 ;Australia;Helmets
01.04.2017; 742,50 ;Australia;Hydration Packs
01.04.2017; 2.981,88 ;Australia;Jerseys
01.04.2017; 118.848,72 ;Australia;Mountain Bikes
01.04.2017; 170.878,24 ;Australia;Road Bikes
01.04.2017; 1.060,50 ;Australia;Shorts
01.04.2017; 126,00 ;Australia;Socks
01.04.2017; 6.136,96 ;Australia;Tires and Tubes
01.04.2017; 109.093,53 ;Australia;Touring Bikes
01.04.2017; 792,48 ;Australia;Vests
01.04.2017; 422,40 ;Canada;Bike Racks
01.04.2017; 787,05 ;Canada;Bike Stands
01.04.2017; 1.311,72 ;Canada;Bottles and Cages
01.04.2017; 399,00 ;Canada;Caps
01.04.2017; 121,55 ;Canada;Cleaners
01.04.2017; 947,76 ;Canada;Fenders
01.04.2017; 686,14 ;Canada;Gloves
01.04.2017; 2.223,36 ;Canada;Helmets
01.04.2017; 283,80 ;Canada;Hydration Packs
01.04.2017; 1.448,08 ;Canada;Jerseys
01.04.2017; 32.952,01 ;Canada;Mountain Bikes
01.04.2017; 17.039,38 ;Canada;Road Bikes
01.04.2017; 1.432,90 ;Canada;Shorts
01.04.2017; 90,90 ;Canada;Socks
01.04.2017; 5.504,36 ;Canada;Tires and Tubes
01.04.2017; 31.908,36 ;Canada;Touring Bikes
01.04.2017; 622,30 ;Canada;Vests
01.04.2017; 122,40 ;France;Bike Racks
01.04.2017; 566,04 ;France;Bike Stands
01.04.2017; 1.096,50 ;France;Bottles and Cages
01.04.2017; 402,80 ;France;Caps
01.04.2017; 89,61 ;France;Cleaners
01.04.2017; 444,40 ;France;Fenders
01.04.2017; 456,87 ;France;Gloves
01.04.2017; 2.173,52 ;France;Helmets
01.04.2017; 55,55 ;France;Hydration Packs
01.04.2017; 1.796,45 ;France;Jerseys
01.04.2017; 56.658,24 ;France;Mountain Bikes
01.04.2017; 42.972,76 ;France;Road Bikes
01.04.2017; 133,00 ;France;Shorts
01.04.2017; 41,40 ;France;Socks
01.04.2017; 4.079,92 ;France;Tires and Tubes
01.04.2017; 37.392,95 ;France;Touring Bikes
01.04.2017; 167,20 ;France;Vests
01.04.2017; 715,50 ;Germany;Bike Stands
01.04.2017; 924,15 ;Germany;Bottles and Cages
01.04.2017; 405,72 ;Germany;Caps
01.04.2017; 106,56 ;Germany;Cleaners
01.04.2017; 475,20 ;Germany;Fenders
01.04.2017; 151,80 ;Germany;Gloves
01.04.2017; 1.918,62 ;Germany;Helmets
01.04.2017; 101,20 ;Germany;Hydration Packs
01.04.2017; 1.418,55 ;Germany;Jerseys
01.04.2017; 58.546,56 ;Germany;Mountain Bikes
01.04.2017; 52.270,65 ;Germany;Road Bikes
01.04.2017; 81,90 ;Germany;Socks
01.04.2017; 3.626,63 ;Germany;Tires and Tubes
01.04.2017; 44.704,39 ;Germany;Touring Bikes
01.04.2017; 318,00 ;Germany;Vests
01.04.2017; 576,00 ;United Kingdom;Bike Racks
01.04.2017; 308,46 ;United Kingdom;Bike Stands
01.04.2017; 1.086,40 ;United Kingdom;Bottles and Cages
01.04.2017; 488,07 ;United Kingdom;Caps
01.04.2017; 97,68 ;United Kingdom;Cleaners
01.04.2017; 480,48 ;United Kingdom;Fenders
01.04.2017; 400,00 ;United Kingdom;Gloves
01.04.2017; 2.257,65 ;United Kingdom;Helmets
01.04.2017; 378,40 ;United Kingdom;Hydration Packs
01.04.2017; 1.549,09 ;United Kingdom;Jerseys
01.04.2017; 61.789,00 ;United Kingdom;Mountain Bikes
01.04.2017; 52.658,52 ;United Kingdom;Road Bikes
01.04.2017; 144,20 ;United Kingdom;Shorts
01.04.2017; 60,48 ;United Kingdom;Socks
01.04.2017; 3.818,00 ;United Kingdom;Tires and Tubes
01.04.2017; 31.329,57 ;United Kingdom;Touring Bikes
01.04.2017; 305,28 ;United Kingdom;Vests
01.04.2017; 739,20 ;United States;Bike Racks
01.04.2017; 1.244,97 ;United States;Bike Stands
01.04.2017; 3.634,04 ;United States;Bottles and Cages
01.04.2017; 1.091,81 ;United States;Caps
01.04.2017; 308,00 ;United States;Cleaners
01.04.2017; 3.304,79 ;United States;Fenders
01.04.2017; 2.207,62 ;United States;Gloves
01.04.2017; 6.883,15 ;United States;Helmets
01.04.2017; 767,25 ;United States;Hydration Packs
01.04.2017; 5.366,10 ;United States;Jerseys
01.04.2017; 172.636,85 ;United States;Mountain Bikes
01.04.2017; 131.727,42 ;United States;Road Bikes
01.04.2017; 3.733,53 ;United States;Shorts
01.04.2017; 417,15 ;United States;Socks
01.04.2017; 10.810,62 ;United States;Tires and Tubes
01.04.2017; 122.440,56 ;United States;Touring Bikes
01.04.2017; 1.493,52 ;United States;Vests
01.05.2017; 789,60 ;Australia;Bike Racks
01.05.2017; 915,84 ;Australia;Bike Stands
01.05.2017; 1.849,42 ;Australia;Bottles and Cages
01.05.2017; 594,21 ;Australia;Caps
01.05.2017; 361,27 ;Australia;Cleaners
01.05.2017; 1.315,75 ;Australia;Fenders
01.05.2017; 1.175,20 ;Australia;Gloves
01.05.2017; 4.520,25 ;Australia;Helmets
01.05.2017; 1.278,75 ;Australia;Hydration Packs
01.05.2017; 3.523,63 ;Australia;Jerseys
01.05.2017; 102.092,82 ;Australia;Mountain Bikes
01.05.2017; 171.237,15 ;Australia;Road Bikes
01.05.2017; 655,20 ;Australia;Shorts
01.05.2017; 201,96 ;Australia;Socks
01.05.2017; 6.696,36 ;Australia;Tires and Tubes
01.05.2017; 122.760,56 ;Australia;Touring Bikes
01.05.2017; 924,56 ;Australia;Vests
01.05.2017; 730,80 ;Canada;Bike Racks
01.05.2017; 410,22 ;Canada;Bike Stands
01.05.2017; 1.308,30 ;Canada;Bottles and Cages
01.05.2017; 345,80 ;Canada;Caps
01.05.2017; 159,25 ;Canada;Cleaners
01.05.2017; 1.900,00 ;Canada;Fenders
01.05.2017; 890,10 ;Canada;Gloves
01.05.2017; 2.578,38 ;Canada;Helmets
01.05.2017; 765,60 ;Canada;Hydration Packs
01.05.2017; 1.722,05 ;Canada;Jerseys
01.05.2017; 64.358,70 ;Canada;Mountain Bikes
01.05.2017; 24.962,36 ;Canada;Road Bikes
01.05.2017; 1.108,80 ;Canada;Shorts
01.05.2017; 74,52 ;Canada;Socks
01.05.2017; 4.949,10 ;Canada;Tires and Tubes
01.05.2017; 18.418,60 ;Canada;Touring Bikes
01.05.2017; 497,64 ;Canada;Vests
01.05.2017; 465,60 ;France;Bike Racks
01.05.2017; 302,10 ;France;Bike Stands
01.05.2017; 813,28 ;France;Bottles and Cages
01.05.2017; 312,09 ;France;Caps
01.05.2017; 21,12 ;France;Cleaners
01.05.2017; 500,94 ;France;Fenders
01.05.2017; 558,26 ;France;Gloves
01.05.2017; 2.718,30 ;France;Helmets
01.05.2017; 215,60 ;France;Hydration Packs
01.05.2017; 1.229,95 ;France;Jerseys
01.05.2017; 49.168,80 ;France;Mountain Bikes
01.05.2017; 49.604,10 ;France;Road Bikes
01.05.2017; 260,40 ;France;Shorts
01.05.2017; 68,85 ;France;Socks
01.05.2017; 3.087,00 ;France;Tires and Tubes
01.05.2017; 37.550,18 ;France;Touring Bikes
01.05.2017; 489,60 ;Germany;Bike Racks
01.05.2017; 321,18 ;Germany;Bike Stands
01.05.2017; 1.026,72 ;Germany;Bottles and Cages
01.05.2017; 504,90 ;Germany;Caps
01.05.2017; 163,77 ;Germany;Cleaners
01.05.2017; 630,75 ;Germany;Fenders
01.05.2017; 663,52 ;Germany;Gloves
01.05.2017; 2.577,75 ;Germany;Helmets
01.05.2017; 108,90 ;Germany;Hydration Packs
01.05.2017; 1.294,93 ;Germany;Jerseys
01.05.2017; 75.231,00 ;Germany;Mountain Bikes
01.05.2017; 62.938,45 ;Germany;Road Bikes
01.05.2017; 98,28 ;Germany;Socks
01.05.2017; 3.554,46 ;Germany;Tires and Tubes
01.05.2017; 41.791,00 ;Germany;Touring Bikes
01.05.2017; 350,52 ;Germany;Vests
01.05.2017; 356,40 ;United Kingdom;Bike Racks
01.05.2017; 661,44 ;United Kingdom;Bike Stands
01.05.2017; 1.247,42 ;United Kingdom;Bottles and Cages
01.05.2017; 381,22 ;United Kingdom;Caps
01.05.2017; 91,20 ;United Kingdom;Cleaners
01.05.2017; 459,36 ;United Kingdom;Fenders
01.05.2017; 626,05 ;United Kingdom;Gloves
01.05.2017; 2.533,80 ;United Kingdom;Helmets
01.05.2017; 313,50 ;United Kingdom;Hydration Packs
01.05.2017; 1.275,85 ;United Kingdom;Jerseys
01.05.2017; 50.007,28 ;United Kingdom;Mountain Bikes
01.05.2017; 62.939,70 ;United Kingdom;Road Bikes
01.05.2017; 336,00 ;United Kingdom;Shorts
01.05.2017; 99,99 ;United Kingdom;Socks
01.05.2017; 3.967,28 ;United Kingdom;Tires and Tubes
01.05.2017; 46.259,64 ;United Kingdom;Touring Bikes
01.05.2017; 223,52 ;United Kingdom;Vests
01.05.2017; 1.960,80 ;United States;Bike Racks
01.05.2017; 1.093,92 ;United States;Bike Stands
01.05.2017; 4.136,08 ;United States;Bottles and Cages
01.05.2017; 1.123,26 ;United States;Caps
01.05.2017; 597,84 ;United States;Cleaners
01.05.2017; 4.431,36 ;United States;Fenders
01.05.2017; 2.652,32 ;United States;Gloves
01.05.2017; 8.502,65 ;United States;Helmets
01.05.2017; 1.321,65 ;United States;Hydration Packs
01.05.2017; 4.940,32 ;United States;Jerseys
01.05.2017; 310.031,40 ;United States;Mountain Bikes
01.05.2017; 149.531,20 ;United States;Road Bikes
01.05.2017; 3.110,80 ;United States;Shorts
01.05.2017; 270,27 ;United States;Socks
01.05.2017; 12.801,60 ;United States;Tires and Tubes
01.05.2017; 152.925,78 ;United States;Touring Bikes
01.05.2017; 1.524,00 ;United States;Vests
01.06.2017; 484,80 ;Australia;Bike Racks
01.06.2017; 419,76 ;Australia;Bike Stands
01.06.2017; 1.877,76 ;Australia;Bottles and Cages
01.06.2017; 571,02 ;Australia;Caps
01.06.2017; 455,90 ;Australia;Cleaners
01.06.2017; 1.177,25 ;Australia;Fenders
01.06.2017; 1.250,10 ;Australia;Gloves
01.06.2017; 4.065,51 ;Australia;Helmets
01.06.2017; 946,00 ;Australia;Hydration Packs
01.06.2017; 4.561,92 ;Australia;Jerseys
01.06.2017; 199.138,11 ;Australia;Mountain Bikes
01.06.2017; 283.829,19 ;Australia;Road Bikes
01.06.2017; 856,80 ;Australia;Shorts
01.06.2017; 136,35 ;Australia;Socks
01.06.2017; 7.969,52 ;Australia;Tires and Tubes
01.06.2017; 129.521,60 ;Australia;Touring Bikes
01.06.2017; 531,96 ;Australia;Vests
01.06.2017; 624,00 ;Canada;Bike Racks
01.06.2017; 429,30 ;Canada;Bike Stands
01.06.2017; 1.248,72 ;Canada;Bottles and Cages
01.06.2017; 503,36 ;Canada;Caps
01.06.2017; 207,90 ;Canada;Cleaners
01.06.2017; 945,00 ;Canada;Fenders
01.06.2017; 969,22 ;Canada;Gloves
01.06.2017; 2.118,60 ;Canada;Helmets
01.06.2017; 388,85 ;Canada;Hydration Packs
01.06.2017; 1.987,04 ;Canada;Jerseys
01.06.2017; 31.497,25 ;Canada;Mountain Bikes
01.06.2017; 27.588,88 ;Canada;Road Bikes
01.06.2017; 1.565,20 ;Canada;Shorts
01.06.2017; 122,85 ;Canada;Socks
01.06.2017; 3.975,79 ;Canada;Tires and Tubes
01.06.2017; 39.625,89 ;Canada;Touring Bikes
01.06.2017; 635,00 ;Canada;Vests
01.06.2017; 331,20 ;France;Bike Racks
01.06.2017; 1.164,84 ;France;Bottles and Cages
01.06.2017; 445,20 ;France;Caps
01.06.2017; 171,90 ;France;Cleaners
01.06.2017; 421,08 ;France;Fenders
01.06.2017; 409,77 ;France;Gloves
01.06.2017; 2.284,54 ;France;Helmets
01.06.2017; 143,55 ;France;Hydration Packs
01.06.2017; 1.655,39 ;France;Jerseys
01.06.2017; 114.196,84 ;France;Mountain Bikes
01.06.2017; 91.451,95 ;France;Road Bikes
01.06.2017; 120,40 ;France;Shorts
01.06.2017; 34,56 ;France;Socks
01.06.2017; 3.574,06 ;France;Tires and Tubes
01.06.2017; 31.832,50 ;France;Touring Bikes
01.06.2017; 129,54 ;France;Vests
01.06.2017; 374,40 ;Germany;Bike Racks
01.06.2017; 1.164,24 ;Germany;Bottles and Cages
01.06.2017; 544,00 ;Germany;Caps
01.06.2017; 15,52 ;Germany;Cleaners
01.06.2017; 981,15 ;Germany;Fenders
01.06.2017; 303,60 ;Germany;Gloves
01.06.2017; 2.673,00 ;Germany;Helmets
01.06.2017; 202,40 ;Germany;Hydration Packs
01.06.2017; 1.232,10 ;Germany;Jerseys
01.06.2017; 119.740,95 ;Germany;Mountain Bikes
01.06.2017; 87.283,29 ;Germany;Road Bikes
01.06.2017; 141,40 ;Germany;Shorts
01.06.2017; 66,24 ;Germany;Socks
01.06.2017; 3.118,55 ;Germany;Tires and Tubes
01.06.2017; 41.418,63 ;Germany;Touring Bikes
01.06.2017; 111,76 ;Germany;Vests
01.06.2017; 408,00 ;United Kingdom;Bike Racks
01.06.2017; 305,28 ;United Kingdom;Bike Stands
01.06.2017; 1.379,50 ;United Kingdom;Bottles and Cages
01.06.2017; 548,97 ;United Kingdom;Caps
01.06.2017; 155,53 ;United Kingdom;Cleaners
01.06.2017; 694,71 ;United Kingdom;Fenders
01.06.2017; 954,72 ;United Kingdom;Gloves
01.06.2017; 2.642,82 ;United Kingdom;Helmets
01.06.2017; 495,00 ;United Kingdom;Hydration Packs
01.06.2017; 1.942,50 ;United Kingdom;Jerseys
01.06.2017; 119.085,85 ;United Kingdom;Mountain Bikes
01.06.2017; 89.316,15 ;United Kingdom;Road Bikes
01.06.2017; 240,80 ;United Kingdom;Shorts
01.06.2017; 133,65 ;United Kingdom;Socks
01.06.2017; 4.118,14 ;United Kingdom;Tires and Tubes
01.06.2017; 52.074,25 ;United Kingdom;Touring Bikes
01.06.2017; 193,80 ;United Kingdom;Vests
01.06.2017; 1.396,80 ;United States;Bike Racks
01.06.2017; 699,60 ;United States;Bike Stands
01.06.2017; 3.862,95 ;United States;Bottles and Cages
01.06.2017; 1.195,20 ;United States;Caps
01.06.2017; 400,50 ;United States;Cleaners
01.06.2017; 4.330,00 ;United States;Fenders
01.06.2017; 2.615,90 ;United States;Gloves
01.06.2017; 6.359,34 ;United States;Helmets
01.06.2017; 1.534,50 ;United States;Hydration Packs
01.06.2017; 6.189,68 ;United States;Jerseys
01.06.2017; 302.409,39 ;United States;Mountain Bikes
01.06.2017; 201.971,88 ;United States;Road Bikes
01.06.2017; 3.967,95 ;United States;Shorts
01.06.2017; 490,35 ;United States;Socks
01.06.2017; 12.495,96 ;United States;Tires and Tubes
01.06.2017; 143.768,70 ;United States;Touring Bikes
01.06.2017; 1.257,30 ;United States;Vests
01.07.2017; 313,20 ;Australia;Bike Racks
01.07.2017; 139,92 ;Australia;Bike Stands
01.07.2017; 988,00 ;Australia;Bottles and Cages
01.07.2017; 159,08 ;Australia;Caps
01.07.2017; 85,50 ;Australia;Cleaners
01.07.2017; 715,17 ;Australia;Fenders
01.07.2017; 218,36 ;Australia;Gloves
01.07.2017; 921,33 ;Australia;Helmets
01.07.2017; 247,50 ;Australia;Hydration Packs
01.07.2017; 683,40 ;Australia;Jerseys
01.07.2017; 118.554,45 ;Australia;Mountain Bikes
01.07.2017; 81.652,50 ;Australia;Road Bikes
01.07.2017; 46,35 ;Australia;Socks
01.07.2017; 1.219,29 ;Australia;Tires and Tubes
01.07.2017; 23.033,00 ;Australia;Touring Bikes
01.07.2017; 218,44 ;Australia;Vests
01.07.2017; 100,80 ;Canada;Bottles and Cages
01.07.2017; 38,27 ;Canada;Caps
01.07.2017; 15,04 ;Canada;Cleaners
01.07.2017; 184,14 ;Canada;Fenders
01.07.2017; 85,54 ;Canada;Gloves
01.07.2017; 126,04 ;Canada;Helmets
01.07.2017; 48,95 ;Canada;Hydration Packs
01.07.2017; 195,84 ;Canada;Jerseys
01.07.2017; 16.010,08 ;Canada;Mountain Bikes
01.07.2017; 8.302,50 ;Canada;Road Bikes
01.07.2017; 121,80 ;Canada;Shorts
01.07.2017; 218,00 ;Canada;Tires and Tubes
01.07.2017; 9.456,68 ;Canada;Touring Bikes
01.07.2017; 133,35 ;Canada;Vests
01.07.2017; 106,80 ;France;Bike Racks
01.07.2017; 141,51 ;France;Bike Stands
01.07.2017; 370,44 ;France;Bottles and Cages
01.07.2017; 66,30 ;France;Caps
01.07.2017; 42,72 ;France;Cleaners
01.07.2017; 81,84 ;France;Fenders
01.07.2017; 192,92 ;France;Gloves
01.07.2017; 581,00 ;France;Helmets
01.07.2017; 145,20 ;France;Hydration Packs
01.07.2017; 428,40 ;France;Jerseys
01.07.2017; 20.433,60 ;France;Mountain Bikes
01.07.2017; 49.248,15 ;France;Road Bikes
01.07.2017; 73,50 ;France;Shorts
01.07.2017; 439,66 ;France;Tires and Tubes
01.07.2017; 12.358,36 ;France;Touring Bikes
01.07.2017; 123,60 ;Germany;Bike Racks
01.07.2017; 519,18 ;Germany;Bottles and Cages
01.07.2017; 91,52 ;Germany;Caps
01.07.2017; 160,16 ;Germany;Fenders
01.07.2017; 108,56 ;Germany;Gloves
01.07.2017; 712,50 ;Germany;Helmets
01.07.2017; 94,60 ;Germany;Hydration Packs
01.07.2017; 681,30 ;Germany;Jerseys
01.07.2017; 29.137,18 ;Germany;Mountain Bikes
01.07.2017; 39.517,44 ;Germany;Road Bikes
01.07.2017; 17,82 ;Germany;Socks
01.07.2017; 553,58 ;Germany;Tires and Tubes
01.07.2017; 23.348,00 ;Germany;Touring Bikes
01.07.2017; 186,20 ;Germany;Vests
01.07.2017; 322,71 ;United Kingdom;Bottles and Cages
01.07.2017; 182,40 ;United Kingdom;Caps
01.07.2017; 82,65 ;United Kingdom;Cleaners
01.07.2017; 88,00 ;United Kingdom;Fenders
01.07.2017; 46,06 ;United Kingdom;Gloves
01.07.2017; 816,96 ;United Kingdom;Helmets
01.07.2017; 57,20 ;United Kingdom;Hydration Packs
01.07.2017; 651,48 ;United Kingdom;Jerseys
01.07.2017; 26.178,30 ;United Kingdom;Mountain Bikes
01.07.2017; 67.798,17 ;United Kingdom;Road Bikes
01.07.2017; 18,54 ;United Kingdom;Socks
01.07.2017; 1.228,16 ;United Kingdom;Tires and Tubes
01.07.2017; 17.641,92 ;United Kingdom;Touring Bikes
01.07.2017; 60,16 ;United Kingdom;Vests
01.07.2017; 334,80 ;United States;Bike Racks
01.07.2017; 283,02 ;United States;Bike Stands
01.07.2017; 975,27 ;United States;Bottles and Cages
01.07.2017; 288,00 ;United States;Caps
01.07.2017; 61,92 ;United States;Cleaners
01.07.2017; 996,01 ;United States;Fenders
01.07.2017; 266,77 ;United States;Gloves
01.07.2017; 1.239,42 ;United States;Helmets
01.07.2017; 369,60 ;United States;Hydration Packs
01.07.2017; 1.018,77 ;United States;Jerseys
01.07.2017; 116.452,00 ;United States;Mountain Bikes
01.07.2017; 57.395,21 ;United States;Road Bikes
01.07.2017; 142,80 ;United States;Shorts
01.07.2017; 16,56 ;United States;Socks
01.07.2017; 1.690,05 ;United States;Tires and Tubes
01.07.2017; 44.792,66 ;United States;Touring Bikes
01.07.2017; 311,64 ;United States;Vests
01.08.2017; 906,30 ;Australia;Bike Stands
01.08.2017; 1.508,00 ;Australia;Bottles and Cages
01.08.2017; 523,20 ;Australia;Caps
01.08.2017; 226,06 ;Australia;Cleaners
01.08.2017; 652,50 ;Australia;Fenders
01.08.2017; 684,82 ;Australia;Gloves
01.08.2017; 2.427,30 ;Australia;Helmets
01.08.2017; 453,20 ;Australia;Hydration Packs
01.08.2017; 2.442,90 ;Australia;Jerseys
01.08.2017; 21.738,23 ;Australia;Mountain Bikes
01.08.2017; 102.018,98 ;Australia;Road Bikes
01.08.2017; 658,00 ;Australia;Shorts
01.08.2017; 92,70 ;Australia;Socks
01.08.2017; 5.293,72 ;Australia;Tires and Tubes
01.08.2017; 30.111,25 ;Australia;Touring Bikes
01.08.2017; 377,40 ;Australia;Vests
01.08.2017; 1.032,00 ;Canada;Bike Racks
01.08.2017; 152,64 ;Canada;Bike Stands
01.08.2017; 1.592,00 ;Canada;Bottles and Cages
01.08.2017; 366,63 ;Canada;Caps
01.08.2017; 134,39 ;Canada;Cleaners
01.08.2017; 1.772,16 ;Canada;Fenders
01.08.2017; 1.248,00 ;Canada;Gloves
01.08.2017; 2.147,90 ;Canada;Helmets
01.08.2017; 871,20 ;Canada;Hydration Packs
01.08.2017; 1.630,90 ;Canada;Jerseys
01.08.2017; 20.265,70 ;Canada;Mountain Bikes
01.08.2017; 7.261,84 ;Canada;Road Bikes
01.08.2017; 1.505,00 ;Canada;Shorts
01.08.2017; 156,06 ;Canada;Socks
01.08.2017; 5.180,90 ;Canada;Tires and Tubes
01.08.2017; 12.158,19 ;Canada;Touring Bikes
01.08.2017; 243,84 ;Canada;Vests
01.08.2017; 225,60 ;France;Bike Racks
01.08.2017; 273,48 ;France;Bike Stands
01.08.2017; 591,15 ;France;Bottles and Cages
01.08.2017; 220,15 ;France;Caps
01.08.2017; 107,12 ;France;Cleaners
01.08.2017; 549,12 ;France;Fenders
01.08.2017; 504,90 ;France;Gloves
01.08.2017; 1.286,22 ;France;Helmets
01.08.2017; 228,80 ;France;Hydration Packs
01.08.2017; 1.183,50 ;France;Jerseys
01.08.2017; 34.388,20 ;France;Mountain Bikes
01.08.2017; 23.328,47 ;France;Road Bikes
01.08.2017; 658,00 ;France;Shorts
01.08.2017; 75,60 ;France;Socks
01.08.2017; 3.293,85 ;France;Tires and Tubes
01.08.2017; 13.684,50 ;France;Touring Bikes
01.08.2017; 228,60 ;France;Vests
01.08.2017; 237,60 ;Germany;Bike Racks
01.08.2017; 292,56 ;Germany;Bike Stands
01.08.2017; 488,70 ;Germany;Bottles and Cages
01.08.2017; 253,65 ;Germany;Caps
01.08.2017; 64,80 ;Germany;Cleaners
01.08.2017; 396,00 ;Germany;Fenders
01.08.2017; 186,56 ;Germany;Gloves
01.08.2017; 1.419,50 ;Germany;Helmets
01.08.2017; 884,12 ;Germany;Jerseys
01.08.2017; 27.551,72 ;Germany;Mountain Bikes
01.08.2017; 23.944,34 ;Germany;Road Bikes
01.08.2017; 2.830,84 ;Germany;Tires and Tubes
01.08.2017; 26.005,30 ;Germany;Touring Bikes
01.08.2017; 176,70 ;Germany;Vests
01.08.2017; 220,80 ;United Kingdom;Bike Racks
01.08.2017; 333,90 ;United Kingdom;Bike Stands
01.08.2017; 589,05 ;United Kingdom;Bottles and Cages
01.08.2017; 493,68 ;United Kingdom;Caps
01.08.2017; 54,32 ;United Kingdom;Cleaners
01.08.2017; 231,00 ;United Kingdom;Fenders
01.08.2017; 429,12 ;United Kingdom;Gloves
01.08.2017; 1.764,38 ;United Kingdom;Helmets
01.08.2017; 46,75 ;United Kingdom;Hydration Packs
01.08.2017; 818,88 ;United Kingdom;Jerseys
01.08.2017; 35.272,45 ;United Kingdom;Mountain Bikes
01.08.2017; 48.318,99 ;United Kingdom;Road Bikes
01.08.2017; 128,80 ;United Kingdom;Shorts
01.08.2017; 64,26 ;United Kingdom;Socks
01.08.2017; 3.440,90 ;United Kingdom;Tires and Tubes
01.08.2017; 8.709,36 ;United Kingdom;Touring Bikes
01.08.2017; 114,30 ;United Kingdom;Vests
01.08.2017; 928,80 ;United States;Bike Racks
01.08.2017; 1.135,26 ;United States;Bike Stands
01.08.2017; 2.309,12 ;United States;Bottles and Cages
01.08.2017; 838,30 ;United States;Caps
01.08.2017; 404,16 ;United States;Cleaners
01.08.2017; 2.893,77 ;United States;Fenders
01.08.2017; 1.407,28 ;United States;Gloves
01.08.2017; 5.443,90 ;United States;Helmets
01.08.2017; 1.113,20 ;United States;Hydration Packs
01.08.2017; 3.666,18 ;United States;Jerseys
01.08.2017; 112.230,00 ;United States;Mountain Bikes
01.08.2017; 62.881,08 ;United States;Road Bikes
01.08.2017; 2.194,50 ;United States;Shorts
01.08.2017; 376,47 ;United States;Socks
01.08.2017; 11.198,00 ;United States;Tires and Tubes
01.08.2017; 39.212,20 ;United States;Touring Bikes
01.08.2017; 656,12 ;United States;Vests
01.09.2017; 117,60 ;Australia;Bike Racks
01.09.2017; 795,00 ;Australia;Bike Stands
01.09.2017; 1.779,44 ;Australia;Bottles and Cages
01.09.2017; 588,80 ;Australia;Caps
01.09.2017; 251,68 ;Australia;Cleaners
01.09.2017; 1.280,24 ;Australia;Fenders
01.09.2017; 1.335,60 ;Australia;Gloves
01.09.2017; 2.759,12 ;Australia;Helmets
01.09.2017; 792,00 ;Australia;Hydration Packs
01.09.2017; 3.054,48 ;Australia;Jerseys
01.09.2017; 102.348,84 ;Australia;Mountain Bikes
01.09.2017; 131.969,79 ;Australia;Road Bikes
01.09.2017; 669,90 ;Australia;Shorts
01.09.2017; 207,90 ;Australia;Socks
01.09.2017; 4.943,60 ;Australia;Tires and Tubes
01.09.2017; 34.555,50 ;Australia;Touring Bikes
01.09.2017; 466,20 ;Australia;Vests
01.09.2017; 950,40 ;Canada;Bike Racks
01.09.2017; 572,40 ;Canada;Bike Stands
01.09.2017; 989,10 ;Canada;Bottles and Cages
01.09.2017; 224,64 ;Canada;Caps
01.09.2017; 148,72 ;Canada;Cleaners
01.09.2017; 1.008,78 ;Canada;Fenders
01.09.2017; 1.013,00 ;Canada;Gloves
01.09.2017; 2.116,50 ;Canada;Helmets
01.09.2017; 577,50 ;Canada;Hydration Packs
01.09.2017; 1.578,19 ;Canada;Jerseys
01.09.2017; 22.641,00 ;Canada;Mountain Bikes
01.09.2017; 11.147,40 ;Canada;Road Bikes
01.09.2017; 772,80 ;Canada;Shorts
01.09.2017; 188,37 ;Canada;Socks
01.09.2017; 4.758,81 ;Canada;Tires and Tubes
01.09.2017; 10.273,83 ;Canada;Touring Bikes
01.09.2017; 171,00 ;Canada;Vests
01.09.2017; 103,20 ;France;Bike Racks
01.09.2017; 147,87 ;France;Bike Stands
01.09.2017; 704,72 ;France;Bottles and Cages
01.09.2017; 270,48 ;France;Caps
01.09.2017; 14,40 ;France;Cleaners
01.09.2017; 266,64 ;France;Fenders
01.09.2017; 512,82 ;France;Gloves
01.09.2017; 1.335,89 ;France;Helmets
01.09.2017; 224,40 ;France;Hydration Packs
01.09.2017; 1.311,19 ;France;Jerseys
01.09.2017; 43.963,92 ;France;Mountain Bikes
01.09.2017; 22.063,36 ;France;Road Bikes
01.09.2017; 475,30 ;France;Shorts
01.09.2017; 25,38 ;France;Socks
01.09.2017; 3.268,30 ;France;Tires and Tubes
01.09.2017; 27.977,04 ;France;Touring Bikes
01.09.2017; 58,88 ;France;Vests
01.09.2017; 465,60 ;Germany;Bike Racks
01.09.2017; 283,02 ;Germany;Bike Stands
01.09.2017; 649,52 ;Germany;Bottles and Cages
01.09.2017; 273,36 ;Germany;Caps
01.09.2017; 47,04 ;Germany;Cleaners
01.09.2017; 470,58 ;Germany;Fenders
01.09.2017; 148,05 ;Germany;Gloves
01.09.2017; 1.350,56 ;Germany;Helmets
01.09.2017; 53,35 ;Germany;Hydration Packs
01.09.2017; 1.086,80 ;Germany;Jerseys
01.09.2017; 35.972,75 ;Germany;Mountain Bikes
01.09.2017; 29.177,19 ;Germany;Road Bikes
01.09.2017; 216,30 ;Germany;Shorts
01.09.2017; 18,90 ;Germany;Socks
01.09.2017; 2.729,58 ;Germany;Tires and Tubes
01.09.2017; 21.164,15 ;Germany;Touring Bikes
01.09.2017; 171,00 ;Germany;Vests
01.09.2017; 489,60 ;United Kingdom;Bike Racks
01.09.2017; 419,76 ;United Kingdom;Bike Stands
01.09.2017; 546,55 ;United Kingdom;Bottles and Cages
01.09.2017; 381,22 ;United Kingdom;Caps
01.09.2017; 76,80 ;United Kingdom;Cleaners
01.09.2017; 121,44 ;United Kingdom;Fenders
01.09.2017; 363,59 ;United Kingdom;Gloves
01.09.2017; 1.851,04 ;United Kingdom;Helmets
01.09.2017; 161,70 ;United Kingdom;Hydration Packs
01.09.2017; 1.022,12 ;United Kingdom;Jerseys
01.09.2017; 40.985,56 ;United Kingdom;Mountain Bikes
01.09.2017; 32.335,14 ;United Kingdom;Road Bikes
01.09.2017; 431,20 ;United Kingdom;Shorts
01.09.2017; 76,95 ;United Kingdom;Socks
01.09.2017; 3.873,20 ;United Kingdom;Tires and Tubes
01.09.2017; 30.468,42 ;United Kingdom;Touring Bikes
01.09.2017; 228,60 ;United Kingdom;Vests
01.09.2017; 1.890,00 ;United States;Bike Racks
01.09.2017; 655,08 ;United States;Bike Stands
01.09.2017; 2.557,80 ;United States;Bottles and Cages
01.09.2017; 668,95 ;United States;Caps
01.09.2017; 450,90 ;United States;Cleaners
01.09.2017; 2.797,27 ;United States;Fenders
01.09.2017; 1.483,32 ;United States;Gloves
01.09.2017; 5.235,49 ;United States;Helmets
01.09.2017; 1.372,80 ;United States;Hydration Packs
01.09.2017; 3.592,95 ;United States;Jerseys
01.09.2017; 113.752,08 ;United States;Mountain Bikes
01.09.2017; 74.104,47 ;United States;Road Bikes
01.09.2017; 3.202,32 ;United States;Shorts
01.09.2017; 253,17 ;United States;Socks
01.09.2017; 8.857,03 ;United States;Tires and Tubes
01.09.2017; 38.976,66 ;United States;Touring Bikes
01.09.2017; 754,38 ;United States;Vests
01.10.2017; 412,80 ;Australia;Bike Racks
01.10.2017; 834,75 ;Australia;Bike Stands
01.10.2017; 1.705,77 ;Australia;Bottles and Cages
01.10.2017; 469,03 ;Australia;Caps
01.10.2017; 279,84 ;Australia;Cleaners
01.10.2017; 1.096,50 ;Australia;Fenders
01.10.2017; 1.522,07 ;Australia;Gloves
01.10.2017; 3.508,80 ;Australia;Helmets
01.10.2017; 1.024,10 ;Australia;Hydration Packs
01.10.2017; 2.739,33 ;Australia;Jerseys
01.10.2017; 107.996,53 ;Australia;Mountain Bikes
01.10.2017; 103.859,80 ;Australia;Road Bikes
01.10.2017; 716,10 ;Australia;Shorts
01.10.2017; 221,13 ;Australia;Socks
01.10.2017; 6.435,18 ;Australia;Tires and Tubes
01.10.2017; 67.521,25 ;Australia;Touring Bikes
01.10.2017; 589,16 ;Australia;Vests
01.10.2017; 143,10 ;Canada;Bike Stands
01.10.2017; 797,22 ;Canada;Bottles and Cages
01.10.2017; 137,28 ;Canada;Caps
01.10.2017; 135,85 ;Canada;Cleaners
01.10.2017; 859,95 ;Canada;Fenders
01.10.2017; 578,76 ;Canada;Gloves
01.10.2017; 2.063,09 ;Canada;Helmets
01.10.2017; 495,00 ;Canada;Hydration Packs
01.10.2017; 1.155,44 ;Canada;Jerseys
01.10.2017; 13.910,94 ;Canada;Mountain Bikes
01.10.2017; 11.745,00 ;Canada;Road Bikes
01.10.2017; 1.524,60 ;Canada;Shorts
01.10.2017; 88,11 ;Canada;Socks
01.10.2017; 3.740,46 ;Canada;Tires and Tubes
01.10.2017; 8.856,66 ;Canada;Touring Bikes
01.10.2017; 109,22 ;Canada;Vests
01.10.2017; 244,80 ;France;Bike Racks
01.10.2017; 298,92 ;France;Bike Stands
01.10.2017; 461,97 ;France;Bottles and Cages
01.10.2017; 213,84 ;France;Caps
01.10.2017; 29,76 ;France;Cleaners
01.10.2017; 240,24 ;France;Fenders
01.10.2017; 220,15 ;France;Gloves
01.10.2017; 1.102,45 ;France;Helmets
01.10.2017; 431,20 ;France;Hydration Packs
01.10.2017; 673,62 ;France;Jerseys
01.10.2017; 17.926,09 ;France;Mountain Bikes
01.10.2017; 29.127,12 ;France;Road Bikes
01.10.2017; 343,00 ;France;Shorts
01.10.2017; 63,63 ;France;Socks
01.10.2017; 2.734,20 ;France;Tires and Tubes
01.10.2017; 15.849,10 ;France;Touring Bikes
01.10.2017; 241,30 ;France;Vests
01.10.2017; 124,80 ;Germany;Bike Racks
01.10.2017; 496,08 ;Germany;Bike Stands
01.10.2017; 978,24 ;Germany;Bottles and Cages
01.10.2017; 413,92 ;Germany;Caps
01.10.2017; 71,20 ;Germany;Cleaners
01.10.2017; 571,00 ;Germany;Fenders
01.10.2017; 482,38 ;Germany;Gloves
01.10.2017; 1.171,32 ;Germany;Helmets
01.10.2017; 228,80 ;Germany;Hydration Packs
01.10.2017; 1.135,53 ;Germany;Jerseys
01.10.2017; 36.730,67 ;Germany;Mountain Bikes
01.10.2017; 34.239,24 ;Germany;Road Bikes
01.10.2017; 72,90 ;Germany;Socks
01.10.2017; 3.210,57 ;Germany;Tires and Tubes
01.10.2017; 29.013,21 ;Germany;Touring Bikes
01.10.2017; 125,73 ;Germany;Vests
01.10.2017; 412,80 ;United Kingdom;Bike Racks
01.10.2017; 578,76 ;United Kingdom;Bike Stands
01.10.2017; 899,30 ;United Kingdom;Bottles and Cages
01.10.2017; 517,75 ;United Kingdom;Caps
01.10.2017; 95,46 ;United Kingdom;Cleaners
01.10.2017; 908,98 ;United Kingdom;Fenders
01.10.2017; 766,50 ;United Kingdom;Gloves
01.10.2017; 1.806,30 ;United Kingdom;Helmets
01.10.2017; 215,60 ;United Kingdom;Hydration Packs
01.10.2017; 1.723,59 ;United Kingdom;Jerseys
01.10.2017; 53.389,70 ;United Kingdom;Mountain Bikes
01.10.2017; 33.375,86 ;United Kingdom;Road Bikes
01.10.2017; 243,60 ;United Kingdom;Shorts
01.10.2017; 46,44 ;United Kingdom;Socks
01.10.2017; 3.475,45 ;United Kingdom;Tires and Tubes
01.10.2017; 41.364,00 ;United Kingdom;Touring Bikes
01.10.2017; 226,06 ;United Kingdom;Vests
01.10.2017; 1.015,20 ;United States;Bike Racks
01.10.2017; 1.793,52 ;United States;Bike Stands
01.10.2017; 2.979,20 ;United States;Bottles and Cages
01.10.2017; 793,80 ;United States;Caps
01.10.2017; 412,58 ;United States;Cleaners
01.10.2017; 2.690,25 ;United States;Fenders
01.10.2017; 1.392,92 ;United States;Gloves
01.10.2017; 5.488,08 ;United States;Helmets
01.10.2017; 888,80 ;United States;Hydration Packs
01.10.2017; 4.718,70 ;United States;Jerseys
01.10.2017; 135.000,60 ;United States;Mountain Bikes
01.10.2017; 85.928,78 ;United States;Road Bikes
01.10.2017; 2.927,40 ;United States;Shorts
01.10.2017; 379,26 ;United States;Socks
01.10.2017; 11.016,96 ;United States;Tires and Tubes
01.10.2017; 67.261,75 ;United States;Touring Bikes
01.10.2017; 1.133,90 ;United States;Vests
01.11.2017; 338,40 ;Australia;Bike Racks
01.11.2017; 1.023,96 ;Australia;Bike Stands
01.11.2017; 1.648,00 ;Australia;Bottles and Cages
01.11.2017; 488,84 ;Australia;Caps
01.11.2017; 196,65 ;Australia;Cleaners
01.11.2017; 919,37 ;Australia;Fenders
01.11.2017; 871,00 ;Australia;Gloves
01.11.2017; 2.956,30 ;Australia;Helmets
01.11.2017; 1.315,60 ;Australia;Hydration Packs
01.11.2017; 2.853,48 ;Australia;Jerseys
01.11.2017; 97.991,52 ;Australia;Mountain Bikes
01.11.2017; 116.462,97 ;Australia;Road Bikes
01.11.2017; 1.102,50 ;Australia;Shorts
01.11.2017; 136,35 ;Australia;Socks
01.11.2017; 5.909,40 ;Australia;Tires and Tubes
01.11.2017; 58.667,44 ;Australia;Touring Bikes
01.11.2017; 396,24 ;Australia;Vests
01.11.2017; 446,40 ;Canada;Bike Racks
01.11.2017; 273,48 ;Canada;Bike Stands
01.11.2017; 1.085,80 ;Canada;Bottles and Cages
01.11.2017; 328,70 ;Canada;Caps
01.11.2017; 215,28 ;Canada;Cleaners
01.11.2017; 1.549,72 ;Canada;Fenders
01.11.2017; 942,76 ;Canada;Gloves
01.11.2017; 2.409,68 ;Canada;Helmets
01.11.2017; 168,30 ;Canada;Hydration Packs
01.11.2017; 1.165,22 ;Canada;Jerseys
01.11.2017; 38.881,50 ;Canada;Mountain Bikes
01.11.2017; 18.256,94 ;Canada;Road Bikes
01.11.2017; 1.159,20 ;Canada;Shorts
01.11.2017; 150,48 ;Canada;Socks
01.11.2017; 4.843,30 ;Canada;Tires and Tubes
01.11.2017; 13.639,38 ;Canada;Touring Bikes
01.11.2017; 660,40 ;Canada;Vests
01.11.2017; 104,40 ;France;Bike Racks
01.11.2017; 139,92 ;France;Bike Stands
01.11.2017; 698,40 ;France;Bottles and Cages
01.11.2017; 215,86 ;France;Caps
01.11.2017; 22,56 ;France;Cleaners
01.11.2017; 200,20 ;France;Fenders
01.11.2017; 489,84 ;France;Gloves
01.11.2017; 1.288,80 ;France;Helmets
01.11.2017; 165,00 ;France;Hydration Packs
01.11.2017; 832,35 ;France;Jerseys
01.11.2017; 40.021,28 ;France;Mountain Bikes
01.11.2017; 23.336,28 ;France;Road Bikes
01.11.2017; 382,20 ;France;Shorts
01.11.2017; 16,92 ;France;Socks
01.11.2017; 2.983,50 ;France;Tires and Tubes
01.11.2017; 27.958,84 ;France;Touring Bikes
01.11.2017; 305,28 ;France;Vests
01.11.2017; 139,92 ;Germany;Bike Stands
01.11.2017; 616,62 ;Germany;Bottles and Cages
01.11.2017; 275,20 ;Germany;Caps
01.11.2017; 45,12 ;Germany;Cleaners
01.11.2017; 302,72 ;Germany;Fenders
01.11.2017; 306,00 ;Germany;Gloves
01.11.2017; 1.277,16 ;Germany;Helmets
01.11.2017; 215,60 ;Germany;Hydration Packs
01.11.2017; 766,02 ;Germany;Jerseys
01.11.2017; 20.182,08 ;Germany;Mountain Bikes
01.11.2017; 31.942,24 ;Germany;Road Bikes
01.11.2017; 40,95 ;Germany;Socks
01.11.2017; 2.112,96 ;Germany;Tires and Tubes
01.11.2017; 26.556,55 ;Germany;Touring Bikes
01.11.2017; 62,08 ;Germany;Vests
01.11.2017; 247,20 ;United Kingdom;Bike Racks
01.11.2017; 448,38 ;United Kingdom;Bike Stands
01.11.2017; 762,73 ;United Kingdom;Bottles and Cages
01.11.2017; 349,46 ;United Kingdom;Caps
01.11.2017; 74,82 ;United Kingdom;Cleaners
01.11.2017; 380,38 ;United Kingdom;Fenders
01.11.2017; 440,30 ;United Kingdom;Gloves
01.11.2017; 1.934,14 ;United Kingdom;Helmets
01.11.2017; 231,00 ;United Kingdom;Hydration Packs
01.11.2017; 1.213,46 ;United Kingdom;Jerseys
01.11.2017; 51.079,68 ;United Kingdom;Mountain Bikes
01.11.2017; 49.279,36 ;United Kingdom;Road Bikes
01.11.2017; 336,00 ;United Kingdom;Shorts
01.11.2017; 133,65 ;United Kingdom;Socks
01.11.2017; 2.776,10 ;United Kingdom;Tires and Tubes
01.11.2017; 37.277,76 ;United Kingdom;Touring Bikes
01.11.2017; 65,28 ;United Kingdom;Vests
01.11.2017; 1.466,40 ;United States;Bike Racks
01.11.2017; 1.246,56 ;United States;Bike Stands
01.11.2017; 2.648,68 ;United States;Bottles and Cages
01.11.2017; 738,90 ;United States;Caps
01.11.2017; 497,93 ;United States;Cleaners
01.11.2017; 3.026,34 ;United States;Fenders
01.11.2017; 1.584,99 ;United States;Gloves
01.11.2017; 5.362,20 ;United States;Helmets
01.11.2017; 701,25 ;United States;Hydration Packs
01.11.2017; 4.651,05 ;United States;Jerseys
01.11.2017; 121.880,04 ;United States;Mountain Bikes
01.11.2017; 104.671,82 ;United States;Road Bikes
01.11.2017; 1.986,60 ;United States;Shorts
01.11.2017; 277,20 ;United States;Socks
01.11.2017; 10.599,01 ;United States;Tires and Tubes
01.11.2017; 80.198,55 ;United States;Touring Bikes
01.11.2017; 1.489,20 ;United States;Vests
01.12.2017; 374,40 ;Australia;Bike Racks
01.12.2017; 1.310,16 ;Australia;Bike Stands
01.12.2017; 1.404,30 ;Australia;Bottles and Cages
01.12.2017; 557,28 ;Australia;Caps
01.12.2017; 269,70 ;Australia;Cleaners
01.12.2017; 1.001,90 ;Australia;Fenders
01.12.2017; 992,74 ;Australia;Gloves
01.12.2017; 3.883,00 ;Australia;Helmets
01.12.2017; 465,30 ;Australia;Hydration Packs
01.12.2017; 2.776,08 ;Australia;Jerseys
01.12.2017; 19.000,80 ;Australia;Mountain Bikes
01.12.2017; 176.581,86 ;Australia;Road Bikes
01.12.2017; 1.396,50 ;Australia;Shorts
01.12.2017; 255,15 ;Australia;Socks
01.12.2017; 6.018,00 ;Australia;Tires and Tubes
01.12.2017; 122.478,75 ;Australia;Touring Bikes
01.12.2017; 384,81 ;Australia;Vests
01.12.2017; 338,40 ;Canada;Bike Racks
01.12.2017; 289,38 ;Canada;Bike Stands
01.12.2017; 1.589,70 ;Canada;Bottles and Cages
01.12.2017; 349,46 ;Canada;Caps
01.12.2017; 171,50 ;Canada;Cleaners
01.12.2017; 1.568,64 ;Canada;Fenders
01.12.2017; 1.077,44 ;Canada;Gloves
01.12.2017; 2.227,28 ;Canada;Helmets
01.12.2017; 489,50 ;Canada;Hydration Packs
01.12.2017; 1.405,05 ;Canada;Jerseys
01.12.2017; 42.030,24 ;Canada;Mountain Bikes
01.12.2017; 33.099,05 ;Canada;Road Bikes
01.12.2017; 1.106,70 ;Canada;Shorts
01.12.2017; 86,40 ;Canada;Socks
01.12.2017; 5.557,00 ;Canada;Tires and Tubes
01.12.2017; 25.925,34 ;Canada;Touring Bikes
01.12.2017; 533,40 ;Canada;Vests
01.12.2017; 480,00 ;France;Bike Racks
01.12.2017; 318,00 ;France;Bike Stands
01.12.2017; 1.019,92 ;France;Bottles and Cages
01.12.2017; 469,20 ;France;Caps
01.12.2017; 70,40 ;France;Cleaners
01.12.2017; 355,52 ;France;Fenders
01.12.2017; 230,30 ;France;Gloves
01.12.2017; 2.172,36 ;France;Helmets
01.12.2017; 303,60 ;France;Hydration Packs
01.12.2017; 1.741,89 ;France;Jerseys
01.12.2017; 78.229,65 ;France;Mountain Bikes
01.12.2017; 45.783,00 ;France;Road Bikes
01.12.2017; 336,00 ;France;Shorts
01.12.2017; 17,82 ;France;Socks
01.12.2017; 4.376,82 ;France;Tires and Tubes
01.12.2017; 45.500,25 ;France;Touring Bikes
01.12.2017; 339,09 ;France;Vests
01.12.2017; 109,20 ;Germany;Bike Racks
01.12.2017; 136,74 ;Germany;Bike Stands
01.12.2017; 925,52 ;Germany;Bottles and Cages
01.12.2017; 350,24 ;Germany;Caps
01.12.2017; 153,64 ;Germany;Cleaners
01.12.2017; 845,52 ;Germany;Fenders
01.12.2017; 419,19 ;Germany;Gloves
01.12.2017; 2.311,35 ;Germany;Helmets
01.12.2017; 209,00 ;Germany;Hydration Packs
01.12.2017; 1.459,51 ;Germany;Jerseys
01.12.2017; 59.538,45 ;Germany;Mountain Bikes
01.12.2017; 45.273,22 ;Germany;Road Bikes
01.12.2017; 40,50 ;Germany;Socks
01.12.2017; 3.620,40 ;Germany;Tires and Tubes
01.12.2017; 36.481,28 ;Germany;Touring Bikes
01.12.2017; 130,81 ;Germany;Vests
01.12.2017; 123,60 ;United Kingdom;Bike Racks
01.12.2017; 314,82 ;United Kingdom;Bike Stands
01.12.2017; 1.500,54 ;United Kingdom;Bottles and Cages
01.12.2017; 617,40 ;United Kingdom;Caps
01.12.2017; 135,00 ;United Kingdom;Cleaners
01.12.2017; 732,06 ;United Kingdom;Fenders
01.12.2017; 392,08 ;United Kingdom;Gloves
01.12.2017; 2.413,35 ;United Kingdom;Helmets
01.12.2017; 334,95 ;United Kingdom;Hydration Packs
01.12.2017; 2.274,52 ;United Kingdom;Jerseys
01.12.2017; 75.928,75 ;United Kingdom;Mountain Bikes
01.12.2017; 69.805,16 ;United Kingdom;Road Bikes
01.12.2017; 322,00 ;United Kingdom;Shorts
01.12.2017; 101,52 ;United Kingdom;Socks
01.12.2017; 3.904,73 ;United Kingdom;Tires and Tubes
01.12.2017; 47.469,61 ;United Kingdom;Touring Bikes
01.12.2017; 174,80 ;United Kingdom;Vests
01.12.2017; 1.646,40 ;United States;Bike Racks
01.12.2017; 1.521,63 ;United States;Bike Stands
01.12.2017; 3.654,56 ;United States;Bottles and Cages
01.12.2017; 1.173,00 ;United States;Caps
01.12.2017; 522,34 ;United States;Cleaners
01.12.2017; 3.945,60 ;United States;Fenders
01.12.2017; 2.718,56 ;United States;Gloves
01.12.2017; 6.883,12 ;United States;Helmets
01.12.2017; 1.237,50 ;United States;Hydration Packs
01.12.2017; 5.104,00 ;United States;Jerseys
01.12.2017; 274.357,56 ;United States;Mountain Bikes
01.12.2017; 130.475,25 ;United States;Road Bikes
01.12.2017; 2.709,00 ;United States;Shorts
01.12.2017; 364,50 ;United States;Socks
01.12.2017; 14.062,88 ;United States;Tires and Tubes
01.12.2017; 135.861,84 ;United States;Touring Bikes
01.12.2017; 885,36 ;United States;Vests
